{"stats":{"minecraft:dropped":{"minecraft:stone_axe":1,"minecraft:oak_log":3,"minecraft:rotten_flesh":1,"minecraft:stick":1,"minecraft:oak_sapling":1,"minecraft:jungle_sapling":1,"minecraft:bow":1,"minecraft:stone_pickaxe":1,"minecraft:wooden_pickaxe":2},"minecraft:killed":{"minecraft:spider":1,"minecraft:zombie":3},"minecraft:picked_up":{"minecraft:crafting_table":2,"minecraft:jungle_log":54,"minecraft:oak_log":27,"minecraft:string":2,"minecraft:dirt":10,"minecraft:apple":1,"minecraft:bow":1,"minecraft:wheat_seeds":6,"minecraft:jungle_sapling":2,"minecraft:sugar_cane":11,"minecraft:stick":4,"minecraft:raw_iron":10,"minecraft:torch":2,"minecraft:jungle_planks":8,"minecraft:sand":8,"minecraft:rotten_flesh":3,"minecraft:oak_sapling":1,"minecraft:cobblestone":330},"minecraft:custom":{"minecraft:interact_with_furnace":19,"minecraft:mob_kills":4,"minecraft:interact_with_crafting_table":16,"minecraft:leave_game":4,"minecraft:time_since_death":63614,"minecraft:climb_one_cm":1919,"minecraft:time_since_rest":63614,"minecraft:sprint_one_cm":4541,"minecraft:damage_taken":257,"minecraft:walk_one_cm":313347,"minecraft:drop":10,"minecraft:damage_dealt":1209,"minecraft:fly_one_cm":2957,"minecraft:open_chest":10,"minecraft:crouch_one_cm":1512,"minecraft:play_time":63614,"minecraft:sneak_time":581,"minecraft:jump":431,"minecraft:walk_on_water_one_cm":1215,"minecraft:total_world_time":63614,"minecraft:fall_one_cm":3028},"minecraft:used":{"minecraft:wheat_seeds":6,"minecraft:stone_sword":6,"minecraft:stone_pickaxe":290,"minecraft:chest":2,"minecraft:wooden_pickaxe":17,"minecraft:stone_hoe":20,"minecraft:rotten_flesh":2,"minecraft:torch":50,"minecraft:sand":8,"minecraft:crafting_table":3,"minecraft:jungle_planks":4,"minecraft:jungle_sapling":1,"minecraft:wooden_axe":26,"minecraft:apple":1,"minecraft:bread":1,"minecraft:stone_axe":71,"minecraft:cobblestone":46,"minecraft:furnace":1},"minecraft:mined":{"minecraft:clay":2,"minecraft:crafting_table":2,"minecraft:grass_block":3,"minecraft:jungle_planks":4,"minecraft:jungle_log":53,"minecraft:cobblestone":3,"minecraft:sugar_cane":5,"minecraft:wall_torch":2,"minecraft:jungle_sapling":1,"minecraft:iron_ore":5,"minecraft:grass":51,"minecraft:oak_log":24,"minecraft:vine":41,"minecraft:deepslate_iron_ore":5,"minecraft:dirt":7,"minecraft:sand":8,"minecraft:stone":290,"minecraft:oak_leaves":6,"minecraft:fern":15},"minecraft:broken":{"minecraft:stone_pickaxe":2},"minecraft:crafted":{"minecraft:oak_planks":96,"minecraft:crafting_table":1,"minecraft:wooden_pickaxe":2,"minecraft:furnace":1,"minecraft:bucket":1,"minecraft:stone_axe":1,"minecraft:air":0,"minecraft:jungle_planks":24,"minecraft:charcoal":9,"minecraft:stick":32,"minecraft:iron_ingot":11,"minecraft:stone_pickaxe":3,"minecraft:wooden_axe":1,"minecraft:stone_sword":1,"minecraft:chest":2,"minecraft:torch":52,"minecraft:stone_hoe":1}},"DataVersion":3465}