{"stats":{"minecraft:dropped":{"minecraft:stone_axe":1,"minecraft:oak_log":3,"minecraft:rotten_flesh":1,"minecraft:stick":1,"minecraft:dirt":8,"minecraft:oak_sapling":2,"minecraft:jungle_sapling":1,"minecraft:bow":1,"minecraft:stone_pickaxe":1,"minecraft:wooden_pickaxe":2},"minecraft:killed":{"minecraft:spider":1,"minecraft:skeleton":1,"minecraft:zombie":6},"minecraft:picked_up":{"minecraft:cocoa_beans":6,"minecraft:crafting_table":2,"minecraft:wheat":5,"minecraft:jungle_log":54,"minecraft:oak_log":27,"minecraft:string":2,"minecraft:dirt":25,"minecraft:bone":3,"minecraft:apple":1,"minecraft:bow":1,"minecraft:wheat_seeds":28,"minecraft:jungle_sapling":2,"minecraft:sugar_cane":17,"minecraft:stick":4,"minecraft:raw_iron":10,"minecraft:torch":3,"minecraft:jungle_planks":8,"minecraft:sand":11,"minecraft:rotten_flesh":8,"minecraft:oak_sapling":6,"minecraft:cobblestone":330},"minecraft:custom":{"minecraft:interact_with_furnace":23,"minecraft:mob_kills":8,"minecraft:interact_with_crafting_table":22,"minecraft:leave_game":4,"minecraft:time_since_death":75614,"minecraft:climb_one_cm":2325,"minecraft:time_since_rest":75614,"minecraft:sprint_one_cm":7971,"minecraft:damage_taken":327,"minecraft:walk_one_cm":426098,"minecraft:damage_blocked_by_shield":40,"minecraft:drop":12,"minecraft:damage_dealt":1671,"minecraft:swim_one_cm":6767,"minecraft:fly_one_cm":3428,"minecraft:open_chest":19,"minecraft:crouch_one_cm":1574,"minecraft:play_time":75614,"minecraft:sneak_time":608,"minecraft:walk_under_water_one_cm":390,"minecraft:jump":513,"minecraft:walk_on_water_one_cm":1421,"minecraft:total_world_time":75614,"minecraft:fall_one_cm":4342},"minecraft:used":{"minecraft:wheat_seeds":28,"minecraft:water_bucket":2,"minecraft:stone_sword":15,"minecraft:stone_pickaxe":290,"minecraft:shield":1,"minecraft:chest":2,"minecraft:wooden_pickaxe":17,"minecraft:sugar_cane":17,"minecraft:stone_hoe":64,"minecraft:rotten_flesh":5,"minecraft:torch":57,"minecraft:dirt":7,"minecraft:sand":11,"minecraft:crafting_table":3,"minecraft:jungle_planks":4,"minecraft:jungle_sapling":1,"minecraft:wooden_axe":26,"minecraft:apple":1,"minecraft:bread":2,"minecraft:stone_axe":71,"minecraft:cobblestone":46,"minecraft:furnace":2,"minecraft:bucket":3,"minecraft:bone_meal":9},"minecraft:mined":{"minecraft:jungle_leaves":5,"minecraft:clay":2,"minecraft:crafting_table":2,"minecraft:grass_block":18,"minecraft:jungle_planks":4,"minecraft:jungle_log":53,"minecraft:cobblestone":3,"minecraft:sugar_cane":7,"minecraft:wall_torch":2,"minecraft:jungle_sapling":1,"minecraft:wheat":6,"minecraft:iron_ore":5,"minecraft:grass":122,"minecraft:oak_log":24,"minecraft:cocoa":2,"minecraft:vine":65,"minecraft:deepslate_iron_ore":5,"minecraft:dirt":7,"minecraft:sand":11,"minecraft:stone":290,"minecraft:oak_leaves":16,"minecraft:fern":30},"minecraft:broken":{"minecraft:stone_pickaxe":2},"minecraft:crafted":{"minecraft:oak_planks":96,"minecraft:crafting_table":1,"minecraft:wooden_pickaxe":2,"minecraft:furnace":2,"minecraft:bone_meal":9,"minecraft:bucket":1,"minecraft:stone_axe":1,"minecraft:bread":1,"minecraft:air":0,"minecraft:jungle_planks":24,"minecraft:charcoal":32,"minecraft:shield":1,"minecraft:stick":36,"minecraft:iron_ingot":11,"minecraft:iron_pickaxe":1,"minecraft:stone_pickaxe":3,"minecraft:wooden_axe":1,"minecraft:stone_sword":1,"minecraft:chest":2,"minecraft:torch":72,"minecraft:stone_hoe":1}},"DataVersion":3465}