{"stats":{"minecraft:dropped":{"minecraft:sugar_cane":1,"minecraft:torch":1,"minecraft:rotten_flesh":2,"minecraft:wooden_pickaxe":1},"minecraft:killed_by":{"minecraft:skeleton":1},"minecraft:killed":{"minecraft:skeleton":2,"minecraft:parrot":1},"minecraft:picked_up":{"minecraft:raw_iron":2,"minecraft:stick":3,"minecraft:sandstone":8,"minecraft:feather":2,"minecraft:clay_ball":8,"minecraft:jungle_log":11,"minecraft:torch":3,"minecraft:wooden_pickaxe":2,"minecraft:jungle_planks":16,"minecraft:sand":50,"minecraft:tuff":14,"minecraft:oak_log":4,"minecraft:cobblestone_stairs":8,"minecraft:dirt":7,"minecraft:raw_copper":79,"minecraft:stone_sword":1,"minecraft:arrow":2,"minecraft:rotten_flesh":2,"minecraft:apple":1,"minecraft:wheat_seeds":1,"minecraft:cobbled_deepslate":4,"minecraft:granite":2,"minecraft:stone_pickaxe":1,"minecraft:jungle_sapling":2,"minecraft:oak_sapling":1,"minecraft:sugar_cane":2,"minecraft:cobblestone":95},"minecraft:custom":{"minecraft:interact_with_furnace":1,"minecraft:time_since_rest":8186,"minecraft:sprint_one_cm":19222,"minecraft:damage_taken":355,"minecraft:walk_one_cm":147764,"minecraft:mob_kills":3,"minecraft:drop":4,"minecraft:damage_dealt":507,"minecraft:interact_with_crafting_table":6,"minecraft:fly_one_cm":1906,"minecraft:deaths":1,"minecraft:crouch_one_cm":1824,"minecraft:play_time":41387,"minecraft:sneak_time":456,"minecraft:walk_under_water_one_cm":596,"minecraft:jump":209,"minecraft:leave_game":2,"minecraft:time_since_death":8093,"minecraft:walk_on_water_one_cm":4771,"minecraft:climb_one_cm":2401,"minecraft:total_world_time":41387,"minecraft:fall_one_cm":2101},"minecraft:used":{"minecraft:jungle_sapling":2,"minecraft:wheat_seeds":1,"minecraft:apple":1,"minecraft:stone_sword":8,"minecraft:stone_pickaxe":132,"minecraft:wooden_pickaxe":71,"minecraft:sandstone":2,"minecraft:sugar_cane":1,"minecraft:torch":1,"minecraft:dirt":1,"minecraft:cobblestone":1,"minecraft:oak_sapling":1},"minecraft:mined":{"minecraft:tuff":14,"minecraft:iron_ore":1,"minecraft:jungle_leaves":2,"minecraft:glow_lichen":1,"minecraft:granite":1,"minecraft:grass":9,"minecraft:grass_block":4,"minecraft:oak_log":2,"minecraft:vine":2,"minecraft:jungle_log":11,"minecraft:sand":28,"minecraft:copper_ore":11,"minecraft:stone":75,"minecraft:sugar_cane":1,"minecraft:oak_leaves":45,"minecraft:sandstone":5,"minecraft:deepslate":4,"minecraft:wall_torch":1,"minecraft:fern":4,"minecraft:deepslate_copper_ore":1},"minecraft:broken":{"minecraft:stone_pickaxe":1,"minecraft:wooden_pickaxe":1},"minecraft:crafted":{"minecraft:stick":4,"minecraft:wooden_pickaxe":2,"minecraft:stone_pickaxe":1,"minecraft:stone_sword":1,"minecraft:cobblestone_stairs":8,"minecraft:jungle_planks":28}},"DataVersion":3465}