{"stats":{"minecraft:dropped":{"minecraft:sugar_cane":1,"minecraft:rotten_flesh":2,"minecraft:torch":1,"minecraft:wooden_pickaxe":1},"minecraft:killed_by":{"minecraft:skeleton":2},"minecraft:killed":{"minecraft:parrot":1,"minecraft:skeleton":2},"minecraft:picked_up":{"minecraft:feather":3,"minecraft:clay_ball":16,"minecraft:jungle_log":21,"minecraft:wooden_pickaxe":3,"minecraft:tuff":28,"minecraft:oak_log":6,"minecraft:cobblestone_stairs":16,"minecraft:dirt":46,"minecraft:raw_copper":79,"minecraft:bone":2,"minecraft:apple":1,"minecraft:wheat_seeds":13,"minecraft:cobbled_deepslate":8,"minecraft:stone_pickaxe":1,"minecraft:jungle_sapling":4,"minecraft:bamboo":2,"minecraft:sugar_cane":2,"minecraft:raw_iron":2,"minecraft:stick":5,"minecraft:sandstone":11,"minecraft:torch":3,"minecraft:jungle_planks":32,"minecraft:sand":75,"minecraft:stone_sword":2,"minecraft:arrow":5,"minecraft:rotten_flesh":2,"minecraft:granite":3,"minecraft:oak_sapling":5,"minecraft:cobblestone":114},"minecraft:custom":{"minecraft:interact_with_furnace":1,"minecraft:mob_kills":4,"minecraft:interact_with_crafting_table":7,"minecraft:leave_game":2,"minecraft:time_since_death":3111,"minecraft:climb_one_cm":3141,"minecraft:time_since_rest":3168,"minecraft:sprint_one_cm":19233,"minecraft:damage_taken":635,"minecraft:walk_one_cm":201991,"minecraft:drop":4,"minecraft:damage_dealt":633,"minecraft:fly_one_cm":2066,"minecraft:crouch_one_cm":2158,"minecraft:play_time":48616,"minecraft:deaths":2,"minecraft:sneak_time":508,"minecraft:walk_under_water_one_cm":596,"minecraft:jump":267,"minecraft:walk_on_water_one_cm":4811,"minecraft:total_world_time":48616,"minecraft:fall_one_cm":3366},"minecraft:used":{"minecraft:wheat_seeds":12,"minecraft:stone_sword":22,"minecraft:stone_pickaxe":132,"minecraft:wooden_pickaxe":115,"minecraft:sandstone":2,"minecraft:sugar_cane":1,"minecraft:torch":1,"minecraft:dirt":1,"minecraft:jungle_sapling":2,"minecraft:apple":1,"minecraft:bamboo":1,"minecraft:cobblestone":1,"minecraft:oak_sapling":1},"minecraft:mined":{"minecraft:tuff":14,"minecraft:jungle_leaves":6,"minecraft:glow_lichen":1,"minecraft:granite":1,"minecraft:grass_block":6,"minecraft:jungle_log":11,"minecraft:copper_ore":11,"minecraft:sugar_cane":1,"minecraft:sandstone":5,"minecraft:wall_torch":1,"minecraft:deepslate_copper_ore":1,"minecraft:jungle_sapling":1,"minecraft:iron_ore":1,"minecraft:grass":54,"minecraft:oak_log":2,"minecraft:vine":7,"minecraft:sand":28,"minecraft:stone":75,"minecraft:oak_leaves":74,"minecraft:deepslate":4,"minecraft:fern":17},"minecraft:broken":{"minecraft:stone_pickaxe":1,"minecraft:wooden_pickaxe":1},"minecraft:crafted":{"minecraft:wooden_pickaxe":2,"minecraft:cobblestone_stairs":8,"minecraft:jungle_planks":28,"minecraft:stick":4,"minecraft:stone_pickaxe":1,"minecraft:stone_sword":1}},"DataVersion":3465}